trace,event,slot,oracle_verdict,bmv2_verdict,returned_flags,verdict_match
T1_NEW,1,30468,ALLOW,ALLOW,5,True
T2_ESTABLISH,1,6121,ALLOW,ALLOW,5,True
T2_ESTABLISH,2,6121,ALLOW,ALLOW,5,True
T2_ESTABLISH,3,6121,ALLOW,ALLOW,4,True
T3_CLOSED_REOPEN,1,30939,ALLOW,ALLOW,5,True
T3_CLOSED_REOPEN,2,30939,ALLOW,ALLOW,4,True
T3_CLOSED_REOPEN,3,30939,ALLOW,ALLOW,5,True
T3_CLOSED_REOPEN,4,30939,ALLOW,ALLOW,5,True
T3_CLOSED_REOPEN,5,30939,DROP,DROP,1,True
T3_CLOSED_REOPEN,6,30939,ALLOW,ALLOW,5,True
T4_LAZY_EXPIRY,1,26559,ALLOW,ALLOW,5,True
T4_LAZY_EXPIRY,2,26559,DROP,DROP,0,True
T4_LAZY_EXPIRY,3,26559,ALLOW,ALLOW,5,True
T5_COLLISION,1,30468,ALLOW,ALLOW,5,True
T5_COLLISION,2,30468,DROP,DROP,1,True
